Artist,Title,Album,Date,Lyric,Year
Ariana Grande,​thank u next,"thank u, next",2018-11-03,thought i'd end up with sean but he wasn't a match wrote some songs about ricky now i listen and laugh even almost got married and for pete i'm so thankful wish i could say thank you to malcolm 'cause he was an angel  pre one taught me love one taught me patience and one taught me pain now i'm so amazing say i've loved and i've lost but that's not what i see so look what i got look what you taught me and for that i say   thank you next next thank you next next thank you next i'm so fuckin' grateful for my ex thank you next next thank you next next thank you next next i'm so fuckin'   spend more time with my friends i ain't worried 'bout nothin' plus i met someone else we havin' better discussions i know they say i move on too fast but this one gon' last 'cause her name is ari and i'm so good with that so good with that  pre she taught me love love she taught me patience patience how she handles pain pain that shit's amazing yeah she's amazing i've loved and i've lost yeah yeah but that's not what i see yeah yeah 'cause look what i've found yeah yeah ain't no need for searching and for that i say   thank you next thank you next thank you next thank you next thank you next thank you i'm so fuckin' grateful for my ex thank you next thank you next thank you next said thank you next thank you next next i'm so fuckin' grateful for my ex  post thank you next thank you next thank you next i'm so fuckin'   one day i'll walk down the aisle holding hands with my mama i'll be thanking my dad 'cause she grew from the drama only wanna do it once real bad gon' make that shit last god forbid something happens least this song is a smash song is a smash  pre i've got so much love love got so much patience patience and i've learned from the pain pain i turned out amazing turned out amazing say i've loved and i've lost yeah yeah but that's not what i see yeah yeah 'cause look what i've found yeah yeah ain't no need for searching and for that i say   thank you next thank you next thank you next thank you next thank you next i'm so fuckin' grateful for my ex thank you next thank you next thank you next said thank you next thank you next next i'm so fuckin' grateful for my ex  post thank you next thank you next thank you next yeah yee thank you next thank you next thank you next yeah yee,2018
Ariana Grande,7 rings,"thank u, next",2019-01-18,yeah breakfast at tiffany's and bottles of bubbles girls with tattoos who like getting in trouble lashes and diamonds atm machines buy myself all of my favorite things yeah been through some bad shit i should be a sad bitch who woulda thought it'd turn me to a savage rather be tied up with calls and not strings write my own checks like i write what i sing yeah yeah  pre my wrist stop watchin' my neck is flossy make big deposits my gloss is poppin' you like my hair gee thanks just bought it i see it i like it i want it i got it yeah   i want it i got it i want it i got it i want it i got it i want it i got it you like my hair gee thanks just bought it i see it i like it i want it i got it yep   wearing a ring but ain't gon' be no mrs bought matching diamonds for six of my bitches i'd rather spoil all my friends with my riches think retail therapy my new addiction whoever said money can't solve your problems must not have had enough money to solve 'em they say which one i say nah i want all of 'em happiness is the same price as redbottoms  pre my smile is beamin' yeah my skin is gleamin' is gleamin' the way it shine i know you've seen it you've seen it i bought a crib just for just for the closet closet both his and hers i want it i got it yeah   i want it i got it i want it i got it i want it i got it i want it i got it baby you like my hair gee thanks just bought it oh yeah i see it i like it i want it i got it yep   yeah my receipts be lookin' like phone numbers if it ain't money then wrong number black card is my business card the way it be settin' the tone for me i don't mean to brag but i be like put it in the bag yeah when you see them racks they stacked up like my ass yeah shoot go from the store to the booth make it all back in one loop gimme the loot never mind i got the juice nothing but net when we shoot look at my neck look at my jet ain't got enough money to pay me respect ain't no budget when i'm on the set if i like it then that's what i get yeah   i want it i got it i want it i got it oh yeah i want it i got it i want it i got it oh yeah yeah you like my hair gee thanks just bought it i see it i like it i want it i got it i see yep,2019
Ariana Grande,​God is a woman,Sweetener,2018-07-13,you you love it how i move you you love it how i touch you my one when all is said and done you'll believe god is a woman and i i feel it after midnight a feelin' that you can't fight my one it lingers when we're done you'll believe god is a woman   i don't wanna waste no time yeah you ain't got a onetrack mind yeah have it any way you like yeah and i can tell that you know i know how i want it ain't nobody else can relate boy i like that you ain't afraid baby lay me down and let's pray i'm tellin' you the way i like it how i want it  pre yeah and i can be all the things you told me not to be yeah when you try to come for me i keep on flourishing yeah and he see the uniwhen i'm the company it's all in me   you you love it how i move you you love it how i touch you my one when all is said and done you'll believe god is a woman and i i feel it after midnight a feelin' that you can't fight my one it lingers when we're done you'll believe god is a woman   yeah i tell you all the things you should know so baby take my hands save your soul we can make it last take it slow hmm and i can tell that you know i know how i want it yeah but you're different from the rest and boy if you confess you might get blessed see if you deserve what comes next i'm tellin' you the way i like it how i want it  pre yeah and i can be all the things you told me not to be yeah when you try to come for me i keep on flourishing yeah and he see the uniwhen i'm the company it's all in me   you you love it how i move you you love it how i touch you my one when all is said and done you'll believe god is a woman and i i feel it after midnight a feelin' that you can't fight my one it lingers when we're done you'll believe god is a woman   yeah yeah god is a woman yeah yeah god is a woman yeah my one one when all is said and done you'll believe god is a woman you'll believe god god is a woman oh yeah god is a woman yeah one it lingers when we're done you'll believe god is a woman,2018
Ariana Grande,Side To Side,Dangerous Woman,2016-05-20,ariana grande  nicki minaj i've been here all night ariana i've been here all day nicki minaj and boy  got me walkin' side to side let them hoes know   ariana grande i'm talkin' to ya see you standing over there with your body feeling like i wanna rock with your body and we don't gotta think 'bout nothin' 'bout nothin' i'm comin' at ya 'cause i know you got a bad reputation doesn't matter 'cause you give me temptation and we don't gotta think 'bout nothin' 'bout nothin'  pre ariana grande these friends keep talkin' way too much say i should give you up can't hear them no 'cause i   ariana grande i've been here all night i've been here all day and boy  got me walkin' side to side i've been here all night i've been here all day and boy got me walkin' side to side side to side   ariana grande been tryna hide it baby what's it gonna hurt if they don't know makin' everybody think that we  just as long as you know you got me you got me and boy i got ya 'cause tonight i'm making deals with the devil and i know it's gonna get me in trouble just as long as you know you got me  pre ariana grande these friends keep talkin' way too much say i should give you up can't hear them no 'cause i   ariana grande i've been here all night i've been here all day and boy  got me walkin' side to side side to side i've been here all night been here all night baby i've been here all day been here all day baby and boy  got me walkin' side to side side to side  refrain nicki minaj uh yeah this the new style with the fresh type of flow wrist icicle ride dick bicycle come through yo get you this type of blow if you want a ménage i got a tricycle   nicki minaj all these bitches' flows is my minime body smoking so they call me young nicki chimney rappers in they feelings 'cause they feelin' me uh ii give zero fucks and i got zero chill in me kissing me copped the blue box that say tiffany curry with the shot just tell 'em to call me stephanie gun pop then i make my gum pop i'm the queen of rap young ariana run pop uh  pre ariana grande these friends keep talkin' way too much way too much say i should give em up give em up can't hear them no 'cause i   ariana grande i've been here all night been here all night baby i've been here all day been here all night baby and boy boy  got me walkin' side to side side to side i've been here all night been here all night baby i've been here all day been here all day baby ooh baby and boy no got me walkin' side to side side to side yeaheh yeah yeah yeah  refrain nicki minaj and ariana grande this the new style with the fresh type of flow nah nah baby wrist icicle ride dick bicycle come through yo get you this type of blow if you want a ménage i got a tricycle no eh hey eh eh,2016
Ariana Grande,​​no tears left to cry,Sweetener,2018-04-20,right now i'm in a state of mind i wanna be in like all the time ain't got no tears left to cry so i'm pickin' it up pickin' it up i'm lovin' i'm livin' i'm pickin' it up i'm pickin' it up pickin' it up yeah i'm lovin' i'm livin' i'm pickin' it up oh yeah  refrain i'm pickin' it up yeah pickin' it up yeah lovin' i'm livin' so we turnin' up yeah we turnin' it up   ain't got no tears in my body i ran out but boy i like it i like it i like it don't matter how what where who tries it we out here vibin' we vibin' we vibin'  pre comin' out even when it's rainin' down can't stop now can't stop so shut your mouth shut your mouth and if you don't know then now you know it babe know it babe yeah   right now i'm in a state of mind i wanna be in like all the time ain't got no tears left to cry so i'm pickin' it up pickin' it up oh yeah i'm lovin' i'm livin' i'm pickin' it up oh i just want you to come with me we're on another mentality ain't got no tears left to cry to cry so i'm pickin' it up pickin' it up oh yeah i'm lovin' i'm livin' i'm pickin' it up  refrain pickin' it up yeah pickin' it up yeah lovin' i'm livin' so we turnin' up we turnin' it up yeah we turnin' it up   they point out the colors in you i see 'em too and boy i like 'em i like 'em i like 'em we're way too fly to partake in all this hate we out here vibin' we vibin' we vibin'  pre comin' out even when it's rainin' down can't stop now can't stop so shut your mouth shut your mouth and if you don't know then now you know it babe know it babe yeah   right now i'm in a state of mind i wanna be in like all the time ain't got no tears left to cry so i'm pickin' it up pickin' it up oh yeah i'm lovin' i'm livin' i'm pickin' it up oh i just want you to come with me we're on another mentality ain't got no tears left to cry to cry so i'm pickin' it up pickin' it up oh yeah i'm lovin' i'm livin' i'm pickin' it up   comin' out even when it's rainin' down can't stop now hmm oh shut your mouth ain't got no tears left to cry ohyeah oh yeah   oh i just want you to come with me with me we're on another mentality ain't got no tears left to cry cry so i'm pickin' it up yeah pickin' it up oh yeah i'm lovin' i'm livin' i'm pickin' it up  refrain pickin' it up pickin' it up lovin' i'm livin' so we turnin' up hmm yeah we turnin' it up,2018
Ariana Grande,​​breathin,Sweetener,2018-08-17,lacigam gnihtemos od ot thgin laiceps ruoy s'thginot tub   some days things just take way too much of my energy i look up and the whole room's spinning you take my cares away i can so overcomplicate people tell me to medicate  pre feel my blood runnin' swear the sky's fallin' i know that all this shit's fabricated mmm time goes by and i can't control my mind don't know what else to try but you tell me every time   just keep breathin' and breathin' and breathin' and breathin' and oh i gotta keep keep on breathin' just keep breathin' and breathin' and breathin' and breathin' and oh i gotta keep keep on breathin' mmmmmm   sometimes it's hard to find find my way up into the clouds tune it out they can be so loud you remind me of a time when things weren't so complicated all i need is to see your face  pre feel my blood runnin' swear the sky's fallin' i know that all this shit's fabricated mmm time goes by and i can't control my mind don't know what else to try but you tell me every time   just keep breathin' and breathin' and breathin' and breathin' and oh i gotta keep i keep on breathin' just keep breathin' and breathin' and breathin' and breathin' and oh i gotta keep i keep on breathin' mmm yeah   my my air my my air my my air my air my my air my my air my my air yeah   just keep breathin' and breathin' and breathin' and breathin' and oh i gotta keep i keep on breathin' just keep breathin' and breathin' and breathin' and breathin' and oh i gotta keep i keep on breathin' mmm yeah   feel my blood runnin' swear the sky's fallin' oh whoa i keep on breathin' oh yeah time goes by and i can't control my mind i keep on breathin' mmm yeah,2018
Ariana Grande,​break up with your girlfriend,"thank u, next",2019-02-08,you got me some type of way hmm ain't used to feelin' this way mmmmmm i do not know what to say yeah yeah but i know i shouldn't think about it took one fuckin' look at your face hmm now i wanna know how you taste mmmmmm usually don't give it away yeah yeah but you know i'm out here thinkin' 'bout it  pre then i realize she's right there and i'm at home like damn this ain't fair   break up with your girlfriend girlfriend yeah yeah 'cause i'm bored you could hit it in the mornin' mornin' yeah yeah like it's yours i know it ain't right but i don't care care break up with your girlfriend girlfriend yeah yeah 'cause i'm bored   this shit always happen to me yeah why can't we just play for keeps mmmmmm practically on my knees yeah yeah but i know i shouldn't think about it you know what you're doin' to me you're singin' my songs in the streets yeah yeah actin' all innocent please when i know you out here thinkin' 'bout it  pre then you realize she's right there yeah and you're at home like damn she can't compare   break up with your girlfriend girlfriend yeah yeah 'cause i'm bored you could hit it in the mornin' in the mornin' yeah yeah like it's yours i know it ain't right but i don't care i don't care yee break up with your girlfriend with your girlfriend yeah yeah 'cause i'm bored  post with your girlfriend girlfriend girlfriend girlfriend with your girlfriend with your girlfriend girlfriend girlfriend girlfriend   you could say i'm hatin' if you want to but i only hate on her 'cause i want you say i'm trippin' if you feel like but you without me ain't right ain't right you could call me crazy 'cause i want you and i never even ever fuckin' met you say i'm trippin' and it ain't right but you without me ain't nice ain't nice yeah   break up with your girlfriend with your girlfriend yeah yeah 'cause i'm bored you could hit it in the mornin' hit in the mornin' yeah yeah yeah yeah yeah like it's yours i know it ain't right but i don't care care yeah break up with your girlfriend with your girlfriend yeah yeah 'cause i'm bored  post with your girlfriend girlfriend girlfriend baby girlfriend with your girlfriend with your girlfriend girlfriend girlfriend girlfriend with your girlfriend,2019
Ariana Grande,​positions,Positions,2020-10-23,heaven sent you to me i'm just hopin i don't repeat history  pre boy i'm tryna meet your mama on a sunday then make a lotta love on a monday ah ah never need no no no one else babe cause i'll be   switchin' them positions for you cookin' in the kitchen and i'm in the bedroom i'm in the olympics way i'm jumpin' through hoops know my love infinite nothin i wouldnt do that i won't do switchin for you   perfect perfect you're too good to be true you're too good to be true but i get tired of runnin' fuck it now im runnin' with you with you  pre said boy i'm tryna meet your mama on a sunday then make a lotta love on a monday ah ah never need no no no onе else babe 'causе i'll be   switchin' them positions for you cookin' in the kitchen and i'm in the bedroom i'm in the olympics way i'm jumpin' through hoops know my love infinite nothin' i wouldn't do that i won't do switchin' for you cookin' in the kitchen and i'm in the bedroom i'm in the olympics way i'm jumpin' through hoops know my love infinite nothin' i wouldn't do nothin' that i won't do switchin' for you   this some shit that i usually don't do yeah but for you i kinda kinda want to mmm 'cause you're down for me and i'm down too and i'm down too yeah i'm down too switchin' the positions for you this some shit that i yeah usually don't do don't do but for you i kinda kinda want to mmm 'cause you're down for me and i'm down too 'cause you're down for me   switchin' them positions for you cookin' in the kitchen and i'm in the bedroom i'm in the olympics way i'm jumpin' through hoops jumpin' jumpin' know my love infinite nothin' i wouldn't do that i won't do switchin' for you ooh woah cookin' in the kitchen and i'm in the bedroom i'm in the olympics way i'm jumpin' through hoops know my love infinite nothin' i wouldn't do i wouldn't do that i won't do switchin' for you   yeah ah yeah ah ah yeah,2020
Ariana Grande,34+35,Positions,2020-10-30,hmm   you might think i'm crazy the way i've been cravin' if i put it quite plainly just gimme them babies so what you doin' tonight better say doin' you right yeah watchin' movies but we ain't seen a thing tonight yeah  pre i don't wanna keep you up you up but show me can you keep it up it up 'cause then i'll have to keep you up shit maybe i'ma keep you up boy i've been drinkin' coffee i've been drinkin' coffee coffee and i've been eatin' healthy i've been eatin' healthy healthy you know i keep it squeaky yeah you know i keep it squeaky savin' up my energy yeah yeah savin' up my energy   can you stay up all night fuck me 'til the daylight thirtyfour thirtyfive yeah yeah yeah yeah can you stay up all night all night fuck mе 'til the daylight thirtyfour thirtyfive yeah yеah yeah yeah   you drink it just like water water you say it tastes like candy so what you doin' tonight tonight better say doin' you right alright watchin' movies but we ain't seen a thing tonight yeah  pre i don't wanna keep you up you up but show me can you keep it up it up 'cause then i'll have to keep you up shit maybe i'ma keep you up boy i've been drinkin' coffee said i've been drinkin' coffee coffee and i've been eatin' healthy and i've been eatin' healthy healthy you know i keep it squeaky yeah except this wine babe savin' up my energy yeah yeah yeah   can you stay up all night all night fuck me 'til the daylight daylight thirtyfour thirtyfive thirtyfive yeah yeah yeah yeah can you stay up all night can you stay fuck me 'til the daylight can you stay thirtyfour thirtyfive yeah yeah yeah yeah   oh yeah yeah baby you might need a seatbelt when i ride it i'ma leave it open like a door come inside it even though i'm wifey you can hit it like a side chick don't need no side dick no got the neighbors yellin' earthquake earthquake 45 when i make the bed shake put it down heavy even though it's lightweight it's lightweight yeah yeah yeah babe yeah we started at midnight go 'til the sunrise sunrise done at the same time yeah but who's counting the time when we got it for life got it for life i know all your favorite spots favorite spots we can take it from the top from the top you such a dream come true true make a bitch wanna hit snooze ooh   can you stay up all night fuck me 'til the daylight yeah yeah thirtyfour thirtyfive yeah yeah yeah yeah thirtyfour thirtyfive can you stay up all night do you know what that means fuck me 'til the daylight do you know what that means thirtyfour thirtyfive yeah yeah yeah yeah yeah yeah yeah   means i wanna 69 with you no shit math class never was good,2020
Ariana Grande,​imagine,"thank u, next",2018-12-14,step up the two of us nobody knows us get in the car like skrrt staying up all night order me pad thai then we gon' sleep 'til noon me with no makeup you in the bathtub bubbles and bubbly ooh this is a pleasure feel like we never act this regular  pre click click click and post dripdripdripped in gold quick quick quick let's go kiss me and take off your clothes   imagine a world like that imagine a world like that we go like up 'til i'm 'sleep on your chest love how my face fits so good in your neck why can't you imagine a world like that imagine a world   knew you were perfect after the first kiss took a deep breath like ooh feels like forever baby i never thought that it would be you tell me your secrets all of the creep shit that's how i know it's true baby direct it name in the credits like the movies do  pre click click click and post dripdripdripped in gold quick quick quick let's go kiss me and take off your clothes   imagine a world like that imagine a world like that we go like up 'til i'm 'sleep on your chest love how my face fits so good in your neck why can't you imagine a world like that imagine a world   can you imagine it can you imagine it can you imagine it can you imagine it can you imagine it can you imagine can you imagine it can you imagine can you imagine it can you imagine ooh imagine it can you imagine imagine it imagine it imagine it imagine it imagine imagine imagine imagine imagine imagine,2018
Ariana Grande,​needy,"thank u, next",2019-02-08,if you take too long to hit me back i can't promise you how ill react but all i can say is at least i'll wait for you lately i've been on a roller coaster tryna get a hold of my emotions but all that i know is i need you close  pre ima scream and shout for what i love passionate but i don't give no fucks i admit that i'm a lil' messed up but i can hide it when i'm all dressed up i'm obsessive and i love too hard good at overthinking with my heart how you even think it got this far this far   and i can be needy way too damn needy i can be needy tell me how good it feels to be needed i can be needy so hard to please me i know it feels so good to be needed   sorry if i'm up and down a lot yeah sorry that i think i'm not enough and sorry if i say sorry way too much you can go ahead and call me selfish selfish but after all this damage i cant help it help it but what you can trust is i need your touch  pre ima scream and shout for what i love passionate but i don't give no fucks i admit that im a lil' messed up but i can hide it when i'm all dressed up i'm obsessive and i love too hard good at overthinking with my heart how you even think it got this far this far   and i can be needy way too damn needy i can be needy tell me how good it feels to be needed i can be needy so hard to please me i know it feels so good to be needed,2019
Ariana Grande,​pov,Positions,2020-10-30,it's like you got superpowers turn my minutes into hours you got more than 00 babe made of glass the way you see through me you know me better than i do can't seem to keep nothing from you how you touch my soul from the outside permeate my ego and my pride   i wanna love me ooh the way that you love me ooh ooh for all of my pretty and all of my ugly too i'd love to see me from your point of view i wanna trust me trust me the way that you trust me trust me ooh 'cause nobody ever loved me like you do i'd love to see me from your point of view   i'm gеtting used to receiving still gеtting good at not leaving i'ma love you even though i'm scared oh scared learnin' to be grateful for myself oh oh oh you love my lips 'cause they say the things we've always been afraid of i can feel it startin' to subside learnin' to believe in what is mine   i wanna love me ooh the way that you love me ooh ooh for all of my pretty and all of my ugly too i'd love to see me from your point of view i wanna trust me trust me the way that you trust me trust me ooh 'cause nobody ever loved me like you do i'd love to see me from your point of view   i couldn't believe it or see it for myself know i be impatient but now i'm out here fallin' fallin' frozen slowly thawing got me right i won't keep you waitin' waitin' all my baggage fadin' safely my baggage fadin' and if my eyes deceive me won't let them stray too far away   i wanna love me ooh the way that you love me ooh ooh for all of my pretty and all of my ugly too i'd love to see me from your point of view i wanna trust me ooh trust me the way that you trust me baby trust me 'cause nobody ever loved me like you do i'd love to see me from your point of view oh yeah,2020
Ariana Grande,​ghostin,"thank u, next",2019-02-08,i know you hear me when i cry i try to hold it in at night while you're sleeping next to me but it's your arms that i need this time this time look at the cards that we've been dealt if you were anybody else probably wouldn't last a day every tear's a rain parade from hell from hell  pre baby you do it so well you've been so understanding you've been so good and i'm puttin' you through more than one ever should and i'm hating myself 'cause you don't want to admit that it hurts you   i know that it breaks your heart when i cry again over him mmh i know that it breaks your heart when i cry again 'stead of ghostin' him  post we'll get through this we'll get past this i'm a girl with a whole lot of baggage but i love you we'll get past this i'm a girl with a whole lot of baggage oh yeah   though i wish he were here instead don't want that living in your head he just comes to visit me when i'm dreaming every now and then and then and after all that we been through and after all that we been through there's so much to look forward to what was done and what was said leave it all here in this bed with you with you  pre baby you do it so well you've been so understanding you've been so good and i'm puttin' you through more than one ever should and i'm hating myself 'cause you don't want to admit that it hurts you baby   i know that it breaks your heart when i cry again over him mmh i know that it breaks your heart when i cry again 'stead of ghostin' him  post we'll get through this we'll get past this i'm a girl with girl with a whole lot of baggage but i love you love you we'll get past this past this i'm a girl with a whole lot of baggage yeah yeah,2019
Ariana Grande,​pete davidson,Sweetener,2018-08-17,mmm yeah yuh  i thought you into my life whoa look at my mind yuh no better place or a time look how they align unimust have my back fell from the sky into my lap and i know you know that you're my soulmate and all that im like ooh ooh my whole life got me ready for you ooh ooh   got me happy happy i'ma be happy happy yeah i'ma be happy happy wont get no crying from me yeah gonna be happy happy i'ma be happy happy happy i'ma be happy happy yeah gonna be happy happy i'ma be happy happy i'ma be happy happy yeah gonna be happy happy i'ma be happy happy i'ma be happy happy,2018
Ariana Grande,​in my head,"thank u, next",2019-02-08,doug middlebrook here's the thing youre in love with a version of a person that you've created in your head that you are trying to but cannot fix uh the only person you can fix is yourself i love you this has gone on way too long enough is enough i'm two blocks away im coming over   ariana grande painted a picture i thought i knew you well i got a habit of seeing what isn't there caught in the moment tangled up in your sheets when you broke my heart i said you only wanted half of me  pre ariana grande my imagination's too creative they see demon i see angel angel angel angel without the halo wingless angel   ariana grande falling falling but i never thought you'd leave me falling falling needed something to believe in oh i thought you were the one but it was all in my head it was all in my head skrrt skrrt  post ariana grande yeah look at you you boy i invented you your gucci tennis shoes runnin' from your issues cardio good for the heart for the heart i figured we could work it out hmm   ariana grande painted a picture i thought i drew you well i had a vision seeing what isn't there caught in the moment tangled up in your sheets when you broke my heart said you only wanted half of me  pre ariana grande my imagination's too creative they see cain and i see abel abel abel abel abel i know you're able willin and able   ariana grande falling falling but i thought that you would need me falling falling needed something to believe in oh i thought you were the one but it was all in my head it was all in my head skrrt skrrt  post ariana grande yeah look at you you boy i invented you your gucci tennis shoes runnin from your issues cardio good for the heart for the heart i figured we could work it out hmm   ariana grande wanted you to grow but boy you wasn't budding everything you are made you everything you arent i saw your potential without seein' credentials maybe that's the issue yeah yeah said maybe that's the issue ah cant hold that shit against you ah guess i did it to myself yeah thought you were somebody else you   thought you were somebody else you you thought you were somebody else you,2019
Ariana Grande,​sweetener,Sweetener,2018-08-17,pre ariana grande  pharrell when life deals us cards ayy ayy ayy ayy make everything taste like it is salt ayy ooh ayy ayy ayy then you come through like the sweetener you are  ayy ayy ayy ayy to bring the bitter taste to a halt  ayy ayy ayy ayy ayy   ariana grande  pharrell and then you get it get it get it get it ayy hit it hit it hit it hit it ayy flip it flip it flip it you make me say oh sheesh oh sheesh twist it twist it twist it twist it mix it and mix it and mix it and mix it kiss it kiss it kiss it you make me say oh sheesh oh sheesh   ariana grande  pharrell i like the way you lick the bowl you lick the bowl sheesh somehow your method touches sheesh my soul sheesh touches my soul yeah it lifts me up to heights unknown ayy sweetener sweetener sweetener sweetener sweetener so when they ask how's life sheesh i go sheesh  pre ariana grande  pharrell when life deals us cards ayy ayy ayy ayy make everything taste like it is salt ayy ooh ayy ayy ayy then you come through like the sweetener you are  ayy ayy ayy ayy to bring the bitter taste to a halt  ayy ayy ayy ayy ayy   ariana grande  pharrell and then you get it get it get it get it ayy hit it hit it hit it hit it ayy flip it flip it flip it you make me say oh sheesh oh sheesh twist it twist it twist it twist it mix it and mix it and mix it and mix it kiss it kiss it kiss it you make me say oh sheesh oh sheesh   ariana grande  pharrell your mama sent us horoscopes us horoscopes sheesh had so much fun watching them unfold sheesh watching them unfold yeah you said she like me i smile ayy i know sweetener sweetener sweetener sweetener sweetener so when they ask hows life sheesh i go sheesh  pre ariana grande  pharrell when life deals us cards ayy ayy ayy ayy make everything taste like it is salt ayy ooh ayy ayy ayy then you come through like the sweetener you are  ayy ayy ayy ayy to bring the bitter taste to a halt  ayy ayy ayy ayy ayy   ariana grande  pharrell and then you get it get it get it get it ayy hit it hit it hit it hit it ayy flip it flip it flip it you make me say oh sheesh oh sheesh twist it twist it twist it twist it mix it and mix it and mix it and mix it kiss it kiss it kiss it you make me say oh sheesh oh sheesh   ariana grande  pharrell and then we lay it back talk the rest of the night things that we can light make me say oh sheesh oh sheesh talking 'bout what you wanna do whether it's wrong or right i am followin you 'cause you make me say oh sheesh oh sheesh hey said i don't know what i'd do without you in my life ayy it'd be so sour sweetener ayy i'm hoping that everybody can experience what we have in ours sweetener sweetener ayy ayy ayy sweetener ayy ayy ayy  pre ariana grande  pharrell when life deals us cards ayy ayy ayy ayy make everything taste like it is salt sheesh sheesh then you come through like the sweetener ayy ayy ayy ayy ayy you are to bring the bitter taste to a halt sheesh sheesh   ariana grande  pharrell and then you get it get it get it get it ayy hit it hit it hit it hit it ayy flip it flip it flip it you make me say oh sheesh oh sheesh twist it twist it twist it twist it mix it and mix it and mix it and mix it kiss it kiss it kiss it sweetener sweetener sweetener sweet you make me say oh sheesh oh sheesh you make me say oh babe hey ayy oh yeah,2018
Ariana Grande,​R.E.M.,Sweetener,2018-08-17,ariana grande mmm last night boy i met you yeah when i was asleep 'sleep you're such a dream to me mmm woah and it was on a day like this yeah if you can believe if you can believe if you can believe mmm you're such a dream to me   ariana grande before you speak don't move 'cause i don't wanna wake up wake up wake up wake up don't wanna wake up oh wake up wake up wake up boy you're such a dream if you can believe babe boy you're such a dream to me   ariana grande excuse me um i love you i know that's not the way to start a conversation trouble i watch them other girls when they come and bug you but i felt like i knew you so i just wanted to hug you plus you don't know your way around you can stop your playing now all your worries lay 'em down shh don't say it loud is this real baby bum bum bum bum bum bum bum bum bum bum bum you're like i love youwho starts a conversation like that nobody but i do but you are not a picture i can't cut you up and hide you i'll get you out my mind mhm or try to but i just want to stand and yell i will never dare to tell think i heard some wedding bells shh keep it to yourself is this real is this real   ariana grande before you speak don't move 'cause i don't wanna wake up wake up wake up wake up don't wanna wake up oh no wake up wake up wake up 'cause you're such a dream if you can believe you're such a dream to me mmm boy   ariana grande  pharrell williams i could buy you anything but i cannot buy you before your boy gets smart i would never try to you know i'm thinking to myself what happened why you but when i see you in my dreams psh i know you know how to treat it you know how to eat it you know how to beat it i know how to keep it the good housekeeping seal bum bum bum bum bum bum bum bum bum bum bum i don't just wanna touch you i'm tryna turn two single people into a couple what's your next month like tell me what you're up to we can leave right now boy you don't need a duffel what about la perla let vickie keep her secret boy it ain't no secret if i know you're gonna peep it oh   ariana grande before you speak don't move 'cause i don't wanna wake up wake up wake up wawake up wake up wake up wake up wawake up no i don't want no 'cause you're such a dream does this end if you can believe you're such a dream to me to me mmm boy to me mmm yeah,2018
Ariana Grande,NASA,"thank u, next",2019-02-08,shangela laquifa wadley this is one small step for woman one giant leap for womankind   i'd rather be alone tonight you can say i love you through the phone tonight really dont wanna be in your arms tonight i'll just use my covers to stay warm tonight think i'm better off here all alone tonight aint no checkin' on when i get home tonight just makin' sure i'm good on my own tonight even though there isn't nothin' wrong tonight  pre yeah i'm just sayin' baby i cant really miss you if im with you and when i miss you it'll change the way i kiss you baby you know time apart is beneficial its like i'm the uniand you be nasa   give you the whole world i'ma need space i'ma need space ima i'ma need you know i'm a star space i'ma need space i'ma need space i'ma i'ma need space nasa give you the whole world i'ma need space i'ma need space i'ma i'ma need you know i'm a star space i'ma need space i'ma need space i'ma i'ma need space nasa   bottom line usually i would love it if you stayed the night i just think i'm on another page tonight it ain't nothing wrong with saying i need me time usually i would orbit around you but gravity seems to be the only thing that's pulling me you'll be my rise and shine soon as them stars align mmm  pre baby i can't really miss you if i'm with you and when i miss you it'll change the way i kiss you baby you know time apart is beneficial it's like i'm the uniand you be nasa   give you the whole world i'ma need space i'ma need space i'ma i'ma need you know i'm a star space i'ma need space i'ma need space i'ma i'ma need space nasa give you the whole world i'ma need space i'ma need space i'ma i'ma need you know i'm a star space i'ma need space i'ma need space i'ma i'ma need space nasa   you don't wanna leave me but i'm tryna selfdiscover keep me in your orbit and you know you'll drag me under you don't wanna leave me but i'm tryna selfdiscover you don't wanna leave me but i'm tryna selfdiscover keep me in your orbit and you know you'll drag me under keep me in your orbit and you know you'll drag me under   i'd rather be alone tonight mmm you can say i love you through the phone tonight ah hmmmmm,2019
Ariana Grande,Dangerous Woman,Dangerous Woman,2016-03-11,oh yeah   don't need permission made my decision to test my limits 'cause it's my business god as my witness start what i finished don't need no hold up taking control of this kind of moment i'm locked and loaded completely focused my mind is open  pre all that you got skin to skin oh my god don't you stop boy   somethin' 'bout you makes me feel like a dangerous woman somethin' 'bout somethin' 'bout somethin' 'bout you makes me wanna do things that i shouldn't somethin' 'bout somethin' 'bout somethin' 'bout   nothing to prove and i'm bulletproof and know what i'm doing the way we're movin' like ducing us to a new thing i wanna savor save it for later the taste the flavor 'cause i'm a taker 'cause i'm a giver it's only nature i live for danger  pre all that you got skin to skin oh my god don't ya stop boy oh yeah   somethin' 'bout you makes me feel like a dangerous woman somethin' 'bout somethin' 'bout somethin' 'bout you makes me wanna do things that i shouldn't somethin' 'bout somethin' 'bout somethin' 'bout you  post all girls wanna be like that bad girls underneath like that you know how i'm feeling inside somethin' 'bout somethin' 'bout all girls wanna be like that bad girls underneath like that you know how i'm feeling inside somethin' 'bout somethin' 'bout   mmmhmm oohooh   somethin' 'bout you makes me feel like a dangerous woman somethin' 'bout somethin' 'bout somethin' 'bout you eheh makes me wanna do things that i shouldn't yeah somethin' 'bout somethin' 'bout somethin' 'bout you yeah  post all girls wanna be like that hmmmmm bad girls underneath like that you know how i'm feeling inside you know how i'm feeling inside baby somethin' 'bout somethin' 'bout all girls wanna be like that bad girls underneath like that you know how i'm feeling inside somethin' 'bout somethin' 'bout   yeah there's somethin' 'bout you boy heh yeah there's somethin' 'bout you boy ohohoh hey yeah there's somethin' 'bout you boy yeah there's somethin' 'bout you boy somethin' 'bout somethin' 'bout somethin' 'bout you yeah there's somethin' 'bout you boy yeah there's somethin' 'bout you boy yeah there's somethin' 'bout you boy yeah there's somethin' 'bout you boy yeah there's somethin' 'bout you boy oh yeah somethin' 'bout somethin' 'bout somethin' 'bout you,2016
Ariana Grande,Let Me Love You,Dangerous Woman,2016-04-18,ariana grande i just broke up with my ex now im out here single i dont really know whats next but i aint even trippin' i'ma chill and sit back and i know they will be coming from the right and the left left left i just broke up with my ex and you're the one im feeling as i'm laying on your chest good conversation got me holding my breath and i dont normally say this but goddamn you the best best best  pre ariana grande and if it feels right promise i don't mind and if it feels right promise i'll stay here all night   ariana grande just let me looooooolove you you just let me looooooolove you you just let me looooooolove you you just let me looooooolove you you   ariana grande as i'm laying on your chest i'll be out here thinkin' 'bout it boy it's just a guess but something just keeps telling me i'm better than the rest and i ain't tryna rush you but goddamn i'm a mess mess mess  pre ariana grande and if it feels right promise i don't mind and if it feels right promise i'll stay here all night   ariana grande just let me looooooolove you you just let me looooooolove you you just let me looooooolove you you just let me looooooolove you you   lil wayne i say girl you need a hot boy she say you need to stop  with them thots boy i say you need a real  she say yes lord and what you need your ex for i'm triple x lord okay ariana my lil mama goodbye to the good girl my ex tripping it's no biggie i pac shook her i'm laid up with my new thing she lay her head on my new chain then the mood change then my name change from 'lil wayne' to ooh wayne oh lord she grinding on this grande oh lord i'm drowning i'm gonna need that coast guard and when it comes to that  i give her amnesia she just looking for love she says she single and i'm her feature oh my god   ariana grande  lil wayne you're no good boy just let me love you baby just let me looooooolove you you tunechi mula baby just let me looooooolove you you boy just let me love you yeah yeah ah just let me looooooolove you you she just looking for love i'm looking for love just let me looooooolove you you she just looking for love yeah yeah i'm looking for love baby just let me looooooolove you you she just looking for love yeah i'm looking for love baby just let me looooooolove you you she just looking for love yeah hey yeah yeah yeah she's just looking for love mmm yeah   lil wayne  ariana grande i'ma give her that love yeah he gon' gimme that love she's just looking for love oh boy i'm looking for love baby i'ma give her that love i'ma give her that i'ma give her that,2016
Ariana Grande,​bloodline,"thank u, next",2019-02-08,marjorie grande because i'm trying to do the best i can and they can't find something to satisfy me ugh   ariana grande mmm yeah yuh even though you're bad for me i know you're the one that i'm thinkin' got me feelin' so incredible would you mind maybe linkin'  pre ariana grande love me love me baby are you down can you let me know love me thank you leave me put it down then it's time to go get it like you love me but you don't boy it's just for show take it or leave it you gotta take it or leave it like uh   ariana grande don't want you in my bloodline yeah just wanna have a good time yeah and no need to apologize no but you gon' have to let this shit go don't want you in my bloodline yeah not tryna make you all mine yeah and no need to apologize no but you gon' have to let this shit go yeah  post ariana grande yeaheheh yeaheh yeah yeah yuh   ariana grande no we won't be talking the next day i ain't got nothin' to say hell nah i ain't lookin' for my one true love yeah that ship sailed away  pre ariana grande love me love me baby are you down can you let me know love me thank you leave me put it down then it's time to go get it like you love me but you don't boy it's just for show take it or leave it you gotta take it or leave it like uh   ariana grande don't want you in my bloodline yeah just wanna have a good time yeah and no need to apologize no but you gon' have to let this shit go don't want you in my bloodline yeah don't want you in my not tryna make you all mine yeah not tryna make you and no need to apologize no and no need to yeah but you gon' have to let this shit go yeah  post ariana grande oh yeah yeaheheh yeaheh yeah yeah yeah   ariana grande say i know what you want what you want from me i know what you think what you think you see so what you think i know what you looking for but i'm complete yee i know what you need but it won't be me i know what you want what you want from me i know what you think what you think you see i know what you looking for but i'm complete i know what you need but it won't be me but it won't be me   ariana grande don't want you in my bloodline yeah don't want you in my bloodline just wanna have a good time yeah just tryna have a good time and no need to apologize no no but you gon' have to let this shit go yeah yeah don't want you in my bloodline yeah not tryna make you all mine yeah and no need to apologize no but you gon' have to let this shit go yeah  post ariana grande woo yeaheheh yeah yeah yeah yeah yeaheheh yeah yeah yeah yeah yeah yeah,2019
